Number,Id,Types,Name,Type1,Type2,PV,Vitesse,Attaque,Defense,Att_Spe,Def_Spe,Capture,Competence1,CType1,Category1,Power1,Accuracy1,Competence2,CType2,Category2,Power2,Accuracy2,Competence3,CType3,Category3,Power3,Accuracy3,Competence4,CType4,Category4,Power4,Accuracy4,Image,Acier,Combat,Dragon,Eau,Electrik,Fee,Feu,Glace,Insecte,Normal,Plante,Poison,Psy,Roche,Sol,Spectre,Tenebres,Vol
001,#001,Plante Poison,Bulbizarre,Plante,Poison,22,11,4,4,6,6,0,Charge,Normal,Physique,4,6,Rugissement,Normal,Statut,0,6,Empty,Plante,,,,Empty,Poison,,,,Bulbizarre-RFVF.png,1.0,0.5,1.0,0.5,0.5,0.5,2.0,2.0,1.0,1.0,0.25,1.0,2.0,1.0,1.0,1.0,1.0,2.0
002,#002,Plante Poison,Herbizarre,Plante,Poison,30,15,6,6,8,8,0,Charge,Normal,Physique,4,6,Rugissement,Normal,Statut,0,6,Empty,Plante,,,,Empty,Poison,,,,Herbizarre-RFVF.png,1.0,0.5,1.0,0.5,0.5,0.5,2.0,2.0,1.0,1.0,0.25,1.0,2.0,1.0,1.0,1.0,1.0,2.0
003,#003,Plante Poison,Florizarre,Plante,Poison,40,20,8,8,10,10,0,Danse-Fleur,Plante,Special,12,6,Charge,Normal,Physique,4,6,Empty,Plante,,,,Empty,Poison,,,,Florizarre-RFVF.png,1.0,0.5,1.0,0.5,0.5,0.5,2.0,2.0,1.0,1.0,0.25,1.0,2.0,1.0,1.0,1.0,1.0,2.0
004,#004,Feu Feu,Salamèche,Feu,Feu,19,16,5,4,6,5,0,Griffe,Normal,Physique,4,6,Rugissement,Normal,Statut,0,6,Empty,Feu,,,,Empty,Feu,,,,Salamèche-RFVF.png,0.5,1.0,1.0,2.0,1.0,0.5,0.5,0.5,0.5,1.0,0.5,1.0,1.0,2.0,2.0,1.0,1.0,1.0
005,#005,Feu Feu,Reptincel,Feu,Feu,29,20,6,5,8,6,0,Griffe,Normal,Physique,4,6,Rugissement,Normal,Statut,0,6,Empty,Feu,,,,Empty,Feu,,,,Reptincel-RFVF.png,0.5,1.0,1.0,2.0,1.0,0.5,0.5,0.5,0.5,1.0,0.5,1.0,1.0,2.0,2.0,1.0,1.0,1.0
006,#006,Feu Vol,Dracaufeu,Feu,Vol,39,25,8,7,10,8,0,Cru-Aile,Vol,Physique,6,6,Dracogriffe,Dragon,Physique,8,6,Empty,Feu,,,,Empty,Vol,,,,Dracaufeu-RFVF.png,0.5,0.5,1.0,2.0,2.0,0.5,0.5,1.0,0.25,1.0,0.25,1.0,1.0,4.0,0.0,1.0,1.0,1.0
007,#007,Eau Eau,Carapuce,Eau,Eau,22,10,4,6,5,6,0,Charge,Normal,Physique,4,6,Mimi-Queue,Normal,Statut,0,6,Empty,Eau,,,,Empty,Eau,,,,Carapuce-RFVF.png,0.5,1.0,1.0,0.5,2.0,1.0,0.5,0.5,1.0,1.0,2.0,1.0,1.0,1.0,1.0,1.0,1.0,1.0
008,#008,Eau Eau,Carabaffe,Eau,Eau,29,14,6,8,6,8,0,Charge,Normal,Physique,4,6,Mimi-Queue,Normal,Statut,0,6,Empty,Eau,,,,Empty,Eau,,,,Carabaffe-RFVF.png,0.5,1.0,1.0,0.5,2.0,1.0,0.5,0.5,1.0,1.0,2.0,1.0,1.0,1.0,1.0,1.0,1.0,1.0
009,#009,Eau Eau,Tortank,Eau,Eau,39,19,8,10,8,10,0,Luminocanon,Acier,Special,8,6,Charge,Normal,Physique,4,6,Empty,Eau,,,,Empty,Eau,,,,Tortank-RFVF.png,0.5,1.0,1.0,0.5,2.0,1.0,0.5,0.5,1.0,1.0,2.0,1.0,1.0,1.0,1.0,1.0,1.0,1.0
010,#010,Insecte Insecte,Chenipan,Insecte,Insecte,22,11,3,3,2,2,5,Charge,Normal,Physique,4,6,Secretion,Insecte,Statut,0,0,Empty,Insecte,,,,Empty,Insecte,,,,Chenipan-RFVF.png,1.0,0.5,1.0,1.0,1.0,1.0,2.0,1.0,1.0,1.0,0.5,1.0,1.0,2.0,0.5,1.0,1.0,2.0
011,#011,Insecte Insecte,Chrysacier,Insecte,Insecte,25,7,2,5,2,2,2,Armure,Normal,Statut,0,0,Toile Elek,Electrik,Special,5,0,Empty,Insecte,,,,Empty,Insecte,,,,Chrysacier-RFVF.png,1.0,0.5,1.0,1.0,1.0,1.0,2.0,1.0,1.0,1.0,0.5,1.0,1.0,2.0,0.5,1.0,1.0,2.0
012,#012,Insecte Vol,Papilusion,Insecte,Vol,30,17,4,5,9,8,0,Tornade,Vol,Special,4,6,Choc Mental,Psy,Special,5,6,Empty,Insecte,,,,Empty,Vol,,,,Papilusion-RFVF.png,1.0,0.25,1.0,1.0,2.0,1.0,2.0,2.0,0.5,1.0,0.25,1.0,1.0,4.0,0.0,1.0,1.0,2.0
013,#013,Insecte Poison,Aspicot,Insecte,Poison,20,12,3,3,2,2,5,Dard-Venin,Poison,Physique,1,6,Secretion,Insecte,Statut,0,0,Empty,Insecte,,,,Empty,Poison,,,,Aspicot-RFVF.png,1.0,0.25,1.0,1.0,1.0,0.5,2.0,1.0,0.5,1.0,0.25,0.5,2.0,2.0,1.0,1.0,1.0,2.0
014,#014,Insecte Poison,Coconfort,Insecte,Poison,22,8,2,5,2,2,2,Armure,Normal,Statut,0,0,Mur de Fer,Acier,Statut,0,0,Empty,Insecte,,,,Empty,Poison,,,,Coconfort-RFVF.png,1.0,0.25,1.0,1.0,1.0,0.5,2.0,1.0,0.5,1.0,0.25,0.5,2.0,2.0,1.0,1.0,1.0,2.0
015,#015,Insecte Poison,Dardargnan,Insecte,Poison,32,18,8,4,4,8,0,Double-Dard,Insecte,Physique,2,6,Furie,Normal,Physique,1,0,Empty,Insecte,,,,Empty,Poison,,,,Dardargnan-RFVF.png,1.0,0.25,1.0,1.0,1.0,0.5,2.0,1.0,0.5,1.0,0.25,0.5,2.0,2.0,1.0,1.0,1.0,2.0
016,#016,Normal Vol,Roucool,Normal,Vol,20,14,4,4,3,3,5,Charge,Normal,Physique,4,6,Jet de Sable,Sol,Statut,0,6,Empty,Normal,,,,Empty,Vol,,,,Roucool-RFVF.png,1.0,1.0,1.0,1.0,2.0,1.0,1.0,2.0,0.5,1.0,0.5,1.0,1.0,2.0,0.0,0.0,1.0,1.0
017,#017,Normal Vol,Roucoups,Normal,Vol,31,17,6,5,5,5,2,Charge,Normal,Physique,4,6,Jet de Sable,Sol,Statut,0,6,Empty,Normal,,,,Empty,Vol,,,,Roucoups-RFVF.png,1.0,1.0,1.0,1.0,2.0,1.0,1.0,2.0,0.5,1.0,0.5,1.0,1.0,2.0,0.0,0.0,1.0,1.0
018,#018,Normal Vol,Roucarnage,Normal,Vol,41,22,8,7,7,7,0,Vent Violent,Vol,Special,11,0,Charge,Normal,Physique,4,6,Empty,Normal,,,,Empty,Vol,,,,Roucarnage-RFVF.png,1.0,1.0,1.0,1.0,2.0,1.0,1.0,2.0,0.5,1.0,0.5,1.0,1.0,2.0,0.0,0.0,1.0,1.0
019,#019,Normal Normal,Rattata,Normal,Normal,15,18,5,3,2,3,5,Charge,Normal,Physique,4,6,Mimi-Queue,Normal,Statut,0,6,Empty,Normal,,,,Empty,Normal,,,,Rattata-RFVF.png,1.0,2.0,1.0,1.0,1.0,1.0,1.0,1.0,1.0,1.0,1.0,1.0,1.0,1.0,1.0,0.0,1.0,1.0
020,#020,Normal Normal,Rattatac,Normal,Normal,27,24,8,6,5,7,2,Grimace,Normal,Statut,0,6,Danse Lames,Normal,Statut,0,0,Empty,Normal,,,,Empty,Normal,,,,Rattatac-RFVF.png,1.0,2.0,1.0,1.0,1.0,1.0,1.0,1.0,1.0,1.0,1.0,1.0,1.0,1.0,1.0,0.0,1.0,1.0
021,#021,Normal Vol,Piafabec,Normal,Vol,20,17,6,3,3,3,5,Picpic,Vol,Physique,3,6,Rugissement,Normal,Statut,0,6,Empty,Normal,,,,Empty,Vol,,,,Piafabec-RFVF.png,1.0,1.0,1.0,1.0,2.0,1.0,1.0,2.0,0.5,1.0,0.5,1.0,1.0,2.0,0.0,0.0,1.0,1.0
022,#022,Normal Vol,Rapasdepic,Normal,Vol,32,25,9,6,6,6,1,Tunnelier,Sol,Physique,8,0,Picore,Vol,Physique,6,6,Empty,Normal,,,,Empty,Vol,,,,Rapasdepic-RFVF.png,1.0,1.0,1.0,1.0,2.0,1.0,1.0,2.0,0.5,1.0,0.5,1.0,1.0,2.0,0.0,0.0,1.0,1.0
023,#023,Poison Poison,Abo,Poison,Poison,17,13,6,4,4,5,5,Ligotage,Normal,Physique,1,0,Groz'Yeux,Normal,Statut,0,6,Empty,Poison,,,,Empty,Poison,,,,Abo-RFVF.png,1.0,0.5,1.0,1.0,1.0,0.5,1.0,1.0,0.5,1.0,0.5,0.5,2.0,1.0,2.0,1.0,1.0,1.0
024,#024,Poison Poison,Arbok,Poison,Poison,30,20,8,6,6,7,1,Machouille,Tenebres,Physique,8,6,Crocs Givre,Glace,Physique,6,0,Empty,Poison,,,,Empty,Poison,,,,Arbok-RFVF.png,1.0,0.5,1.0,1.0,1.0,0.5,1.0,1.0,0.5,1.0,0.5,0.5,2.0,1.0,2.0,1.0,1.0,1.0
025,#025,Electrik Electrik,Pikachu,Electrik,Electrik,17,22,5,3,5,4,3,Mimi-Queue,Normal,Statut,0,6,Eclair,Electrik,Special,4,6,Empty,Electrik,,,,Empty,Electrik,,,,Pikachu-RFVF.png,0.5,1.0,1.0,1.0,0.5,1.0,1.0,1.0,1.0,1.0,1.0,1.0,1.0,1.0,2.0,1.0,1.0,0.5
026,#026,Electrik Electrik,Raichu,Electrik,Electrik,30,25,9,5,9,8,1,Eclair,Electrik,Special,4,6,Mimi-Queue,Normal,Statut,0,6,Empty,Electrik,,,,Empty,Electrik,,,,Raichu-RFVF.png,0.5,1.0,1.0,1.0,0.5,1.0,1.0,1.0,1.0,1.0,1.0,1.0,1.0,1.0,2.0,1.0,1.0,0.5
027,#027,Sol Sol,Sabelette,Sol,Sol,25,10,7,8,2,3,5,Griffe,Normal,Physique,4,6,Boul'Armure,Normal,Statut,0,0,Empty,Sol,,,,Empty,Sol,,,,Sabelette-RFVF.png,1.0,1.0,1.0,2.0,0.0,1.0,1.0,2.0,1.0,1.0,2.0,0.5,1.0,0.5,1.0,1.0,1.0,1.0
028,#028,Sol Sol,Sablaireau,Sol,Sol,37,16,10,11,4,5,1,Eclate Griffe,Normal,Physique,7,0,Griffe,Normal,Physique,4,6,Empty,Sol,,,,Empty,Sol,,,,Sablaireau-RFVF.png,1.0,1.0,1.0,2.0,0.0,1.0,1.0,2.0,1.0,1.0,2.0,0.5,1.0,0.5,1.0,1.0,1.0,1.0
029,#029,Poison Poison,Nidoran♀,Poison,Poison,27,10,4,5,4,4,4,Rugissement,Normal,Statut,0,6,Griffe,Normal,Physique,4,6,Empty,Poison,,,,Empty,Poison,,,,Nidoran♀-RFVF.png,1.0,0.5,1.0,1.0,1.0,0.5,1.0,1.0,0.5,1.0,0.5,0.5,2.0,1.0,2.0,1.0,1.0,1.0
030,#030,Poison Poison,Nidorina,Poison,Poison,35,14,6,6,5,5,2,Rugissement,Normal,Statut,0,6,Griffe,Normal,Physique,4,6,Empty,Poison,,,,Empty,Poison,,,,Nidorina-RFVF.png,1.0,0.5,1.0,1.0,1.0,0.5,1.0,1.0,0.5,1.0,0.5,0.5,2.0,1.0,2.0,1.0,1.0,1.0
031,#031,Poison Sol,Nidoqueen,Poison,Sol,45,19,8,8,7,8,0,Surpuissance,Combat,Physique,12,6,Griffe,Normal,Physique,4,6,Empty,Poison,,,,Empty,Sol,,,,Nidoqueen-RFVF.png,1.0,0.5,1.0,2.0,0.0,0.5,1.0,2.0,0.5,1.0,1.0,0.25,2.0,0.5,2.0,1.0,1.0,1.0
032,#032,Poison Poison,Nidoran♂,Poison,Poison,23,12,5,4,4,4,4,Groz'Yeux,Normal,Statut,0,6,Picpic,Vol,Physique,3,6,Empty,Poison,,,,Empty,Poison,,,,Nidoran♂-RFVF.png,1.0,0.5,1.0,1.0,1.0,0.5,1.0,1.0,0.5,1.0,0.5,0.5,2.0,1.0,2.0,1.0,1.0,1.0
033,#033,Poison Poison,Nidorino,Poison,Poison,30,16,7,5,5,5,2,Groz'Yeux,Normal,Statut,0,6,Picpic,Vol,Physique,3,6,Empty,Poison,,,,Empty,Poison,,,,Nidorino-RFVF.png,1.0,0.5,1.0,1.0,1.0,0.5,1.0,1.0,0.5,1.0,0.5,0.5,2.0,1.0,2.0,1.0,1.0,1.0
034,#034,Poison Sol,Nidoking,Poison,Sol,40,21,9,7,8,7,0,Megacorne,Insecte,Physique,12,0,Picpic,Vol,Physique,3,6,Empty,Poison,,,,Empty,Sol,,,,Nidoking-RFVF.png,1.0,0.5,1.0,2.0,0.0,0.5,1.0,2.0,0.5,1.0,1.0,0.25,2.0,0.5,2.0,1.0,1.0,1.0
035,#035,Fee Fee,Mélofée,Fee,Fee,35,8,4,4,6,6,3,Projecteur,Normal,Statut,0,0,Voix Enjoleuse,Fee,Special,4,0,Empty,Fee,,,,Empty,Fee,,,,Mélofée-RFVF.png,2.0,0.5,0.0,1.0,1.0,1.0,1.0,1.0,0.5,1.0,1.0,2.0,1.0,1.0,1.0,1.0,0.5,1.0
036,#036,Fee Fee,Mélodelfe,Fee,Fee,47,15,7,7,8,9,0,Projecteur,Normal,Statut,0,0,Voix Enjoleuse,Fee,Special,4,0,Empty,Fee,,,,Empty,Fee,,,,Mélodelfe-RFVF.png,2.0,0.5,0.0,1.0,1.0,1.0,1.0,1.0,0.5,1.0,1.0,2.0,1.0,1.0,1.0,1.0,0.5,1.0
037,#037,Feu Feu,Goupix,Feu,Feu,19,16,4,4,5,6,3,Flammeche,Feu,Special,4,6,Mimi-Queue,Normal,Statut,0,6,Empty,Feu,,,,Empty,Feu,,,,Goupix-RFVF.png,0.5,1.0,1.0,2.0,1.0,0.5,0.5,0.5,0.5,1.0,0.5,1.0,1.0,2.0,2.0,1.0,1.0,1.0
038,#038,Feu Feu,Feunard,Feu,Feu,36,25,7,7,8,10,1,Possessif,Psy,Statut,0,0,Machination,Tenebres,Statut,0,6,Empty,Feu,,,,Empty,Feu,,,,Feunard-RFVF.png,0.5,1.0,1.0,2.0,1.0,0.5,0.5,0.5,0.5,1.0,0.5,1.0,1.0,2.0,2.0,1.0,1.0,1.0
039,#039,Fee Normal,Rondoudou,Fee,Normal,57,5,4,2,4,2,3,Berceuse,Normal,Statut,0,0,Boul'Armure,Normal,Statut,0,0,Empty,Fee,,,,Empty,Normal,,,,Rondoudou-RFVF.png,2.0,1.0,0.0,1.0,1.0,1.0,1.0,1.0,0.5,1.0,1.0,2.0,1.0,1.0,1.0,0.0,0.5,1.0
040,#040,Fee Normal,Grodoudou,Fee,Normal,70,11,7,4,7,5,1,Damocles,Normal,Physique,12,6,Calinerie,Fee,Physique,9,0,Empty,Fee,,,,Empty,Normal,,,,Grodoudou-RFVF.png,2.0,1.0,0.0,1.0,1.0,1.0,1.0,1.0,0.5,1.0,1.0,2.0,1.0,1.0,1.0,0.0,0.5,1.0
041,#041,Poison Vol,Nosferapti,Poison,Vol,20,13,4,3,3,4,5,Vol-Vie,Plante,Special,2,6,Ultrason,Normal,Statut,0,0,Empty,Poison,,,,Empty,Vol,,,,Nosferapti-RFVF.png,1.0,0.25,1.0,1.0,2.0,0.5,1.0,2.0,0.25,1.0,0.25,0.5,2.0,2.0,0.0,1.0,1.0,1.0
042,#042,Poison Vol,Nosferalto,Poison,Vol,37,22,8,7,6,7,1,Grincement,Normal,Statut,0,0,Vol-Vie,Plante,Special,2,6,Empty,Poison,,,,Empty,Vol,,,,Nosferalto-RFVF.png,1.0,0.25,1.0,1.0,2.0,0.5,1.0,2.0,0.25,1.0,0.25,0.5,2.0,2.0,0.0,1.0,1.0,1.0
043,#043,Plante Poison,Mystherbe,Plante,Poison,22,7,5,5,7,6,5,Vol-Vie,Plante,Special,2,6,Croissance,Normal,Statut,0,0,Empty,Plante,,,,Empty,Poison,,,,Mystherbe-RFVF.png,1.0,0.5,1.0,0.5,0.5,0.5,2.0,2.0,1.0,1.0,0.25,1.0,2.0,1.0,1.0,1.0,1.0,2.0
044,#044,Plante Poison,Ortide,Plante,Poison,30,10,6,7,8,7,2,Vol-Vie,Plante,Special,2,6,Croissance,Normal,Statut,0,0,Empty,Plante,,,,Empty,Poison,,,,Ortide-RFVF.png,1.0,0.5,1.0,0.5,0.5,0.5,2.0,2.0,1.0,1.0,0.25,1.0,2.0,1.0,1.0,1.0,1.0,2.0
045,#045,Plante Poison,Rafflesia,Plante,Poison,37,12,8,8,10,9,0,Mega-Sangsue,Plante,Special,4,6,Aromatherapie,Plante,Statut,0,0,Empty,Plante,,,,Empty,Poison,,,,Rafflesia-RFVF.png,1.0,0.5,1.0,0.5,0.5,0.5,2.0,2.0,1.0,1.0,0.25,1.0,2.0,1.0,1.0,1.0,1.0,2.0
046,#046,Insecte Plante,Paras,Insecte,Plante,17,6,7,5,4,5,3,Griffe,Normal,Physique,4,6,Para-Spore,Plante,Statut,0,0,Empty,Insecte,,,,Empty,Plante,,,,Paras-RFVF.png,1.0,0.5,1.0,0.5,0.5,1.0,4.0,2.0,2.0,1.0,0.25,2.0,1.0,2.0,0.25,1.0,1.0,4.0
047,#047,Insecte Plante,Parasect,Insecte,Plante,30,7,9,8,6,8,1,Poison-Croix,Poison,Physique,7,6,Griffe,Normal,Physique,4,6,Empty,Insecte,,,,Empty,Plante,,,,Parasect-RFVF.png,1.0,0.5,1.0,0.5,0.5,1.0,4.0,2.0,2.0,1.0,0.25,2.0,1.0,2.0,0.25,1.0,1.0,4.0
048,#048,Insecte Poison,Mimitoss,Insecte,Poison,30,11,5,5,4,5,3,Charge,Normal,Physique,4,6,Entrave,Normal,Statut,0,6,Empty,Insecte,,,,Empty,Poison,,,,Mimitoss-RFVF.png,1.0,0.25,1.0,1.0,1.0,0.5,2.0,1.0,0.5,1.0,0.25,0.5,2.0,2.0,1.0,1.0,1.0,2.0
049,#049,Insecte Poison,Aéromite,Insecte,Poison,35,22,6,6,9,7,1,Tornade,Vol,Special,4,6,Papillodanse,Insecte,Statut,0,0,Empty,Insecte,,,,Empty,Poison,,,,Aéromite-RFVF.png,1.0,0.25,1.0,1.0,1.0,0.5,2.0,1.0,0.5,1.0,0.25,0.5,2.0,2.0,1.0,1.0,1.0,2.0
050,#050,Sol Sol,Taupiqueur,Sol,Sol,5,23,5,2,3,4,5,Jet de Sable,Sol,Statut,0,6,Griffe,Normal,Physique,4,6,Empty,Sol,,,,Empty,Sol,,,,Taupiqueur-RFVF.png,1.0,1.0,1.0,2.0,0.0,1.0,1.0,2.0,1.0,1.0,2.0,0.5,1.0,0.5,1.0,1.0,1.0,1.0
051,#051,Sol Sol,Triopikeur,Sol,Sol,17,30,10,5,5,7,1,Tourbi-Sable,Sol,Physique,3,0,Fertilisation,Sol,Statut,0,0,Empty,Sol,,,,Empty,Sol,,,,Triopikeur-RFVF.png,1.0,1.0,1.0,2.0,0.0,1.0,1.0,2.0,1.0,1.0,2.0,0.5,1.0,0.5,1.0,1.0,1.0,1.0
052,#052,Normal Normal,Miaouss,Normal,Normal,20,22,4,3,4,4,5,Griffe,Normal,Physique,4,6,Rugissement,Normal,Statut,0,6,Empty,Normal,,,,Empty,Normal,,,,Miaouss-RFVF.png,1.0,2.0,1.0,1.0,1.0,1.0,1.0,1.0,1.0,1.0,1.0,1.0,1.0,1.0,1.0,0.0,1.0,1.0
053,#053,Normal Normal,Persian,Normal,Normal,32,28,7,6,6,6,1,Meteores,Normal,Special,6,0,Calinerie,Fee,Physique,9,0,Empty,Normal,,,,Empty,Normal,,,,Persian-RFVF.png,1.0,2.0,1.0,1.0,1.0,1.0,1.0,1.0,1.0,1.0,1.0,1.0,1.0,1.0,1.0,0.0,1.0,1.0
054,#054,Eau Eau,Psykokwak,Eau,Eau,25,13,5,4,6,5,3,Tourniquet,Eau,Statut,0,0,Griffe,Normal,Physique,4,6,Empty,Eau,,,,Empty,Eau,,,,Psykokwak-RFVF.png,0.5,1.0,1.0,0.5,2.0,1.0,0.5,0.5,1.0,1.0,2.0,1.0,1.0,1.0,1.0,1.0,1.0,1.0
055,#055,Eau Eau,Akwakwak,Eau,Eau,40,21,8,7,9,8,1,Moi d'Abord,Normal,Statut,0,0,Aqua-Jet,Eau,Physique,4,6,Empty,Eau,,,,Empty,Eau,,,,Akwakwak-RFVF.png,0.5,1.0,1.0,0.5,2.0,1.0,0.5,0.5,1.0,1.0,2.0,1.0,1.0,1.0,1.0,1.0,1.0,1.0
056,#056,Combat Combat,Férosinge,Combat,Combat,20,17,8,3,3,4,3,Implore,Normal,Physique,6,6,Griffe,Normal,Physique,4,6,Empty,Combat,,,,Empty,Combat,,,,Férosinge-RFVF.png,1.0,1.0,1.0,1.0,1.0,2.0,1.0,1.0,0.5,1.0,1.0,1.0,2.0,0.5,1.0,1.0,0.5,2.0
057,#057,Combat Combat,Colossinge,Combat,Combat,32,23,10,6,6,7,1,Frenesie,Normal,Physique,2,6,Tout ou Rien,Combat,Special,0,6,Empty,Combat,,,,Empty,Combat,,,,Colossinge-RFVF.png,1.0,1.0,1.0,1.0,1.0,2.0,1.0,1.0,0.5,1.0,1.0,1.0,2.0,0.5,1.0,1.0,0.5,2.0
058,#058,Feu Feu,Caninos,Feu,Feu,27,15,7,4,7,5,3,Morsure,Tenebres,Physique,6,6,Hurlement,Normal,Statut,0,0,Empty,Feu,,,,Empty,Feu,,,,Caninos-RFVF.png,0.5,1.0,1.0,2.0,1.0,0.5,0.5,0.5,0.5,1.0,0.5,1.0,1.0,2.0,2.0,1.0,1.0,1.0
059,#059,Feu Feu,Arcanin,Feu,Feu,45,23,11,8,10,8,1,Crocs Eclair,Electrik,Physique,6,0,Morsure,Tenebres,Physique,6,6,Empty,Feu,,,,Empty,Feu,,,,Arcanin-RFVF.png,0.5,1.0,1.0,2.0,1.0,0.5,0.5,0.5,0.5,1.0,0.5,1.0,1.0,2.0,2.0,1.0,1.0,1.0
060,#060,Eau Eau,Ptitard,Eau,Eau,20,22,5,4,4,4,5,Tourniquet,Eau,Statut,0,0,Pistolet a O,Eau,Special,4,6,Empty,Eau,,,,Empty,Eau,,,,Ptitard-RFVF.png,0.5,1.0,1.0,0.5,2.0,1.0,0.5,0.5,1.0,1.0,2.0,1.0,1.0,1.0,1.0,1.0,1.0,1.0
061,#061,Eau Eau,Têtarte,Eau,Eau,32,22,6,6,5,5,2,Tourniquet,Eau,Statut,0,0,Pistolet a O,Eau,Special,4,6,Empty,Eau,,,,Empty,Eau,,,,Têtarte-RFVF.png,0.5,1.0,1.0,0.5,2.0,1.0,0.5,0.5,1.0,1.0,2.0,1.0,1.0,1.0,1.0,1.0,1.0,1.0
062,#062,Combat Eau,Tartard,Combat,Eau,45,17,9,9,7,9,0,Sacrifice,Combat,Physique,8,0,Projection,Combat,Physique,6,0,Empty,Combat,,,,Empty,Eau,,,,Tartard-RFVF.png,0.5,1.0,1.0,0.5,2.0,2.0,0.5,0.5,0.5,1.0,2.0,1.0,2.0,0.5,1.0,1.0,0.5,2.0
063,#063,Psy Psy,Abra,Psy,Psy,12,22,2,1,10,5,4,Teleport,Psy,Statut,0,0,Choc Psy,Psy,Special,8,6,Empty,Psy,,,,Empty,Psy,,,,Abra-RFVF.png,1.0,0.5,1.0,1.0,1.0,1.0,1.0,1.0,2.0,1.0,1.0,1.0,0.5,1.0,1.0,2.0,2.0,1.0
064,#064,Psy Psy,Kadabra,Psy,Psy,20,26,3,3,12,7,2,Telekinesie,Psy,Statut,0,0,Teleport,Psy,Statut,0,0,Empty,Psy,,,,Empty,Psy,,,,Kadabra-RFVF.png,1.0,0.5,1.0,1.0,1.0,1.0,1.0,1.0,2.0,1.0,1.0,1.0,0.5,1.0,1.0,2.0,2.0,1.0
065,#065,Psy Psy,Alakazam,Psy,Psy,27,30,5,4,13,9,1,Telekinesie,Psy,Statut,0,0,Teleport,Psy,Statut,0,0,Empty,Psy,,,,Empty,Psy,,,,Alakazam-RFVF.png,1.0,0.5,1.0,1.0,1.0,1.0,1.0,1.0,2.0,1.0,1.0,1.0,0.5,1.0,1.0,2.0,2.0,1.0
066,#066,Combat Combat,Machoc,Combat,Combat,35,8,8,5,3,3,3,Balayage,Combat,Physique,0,6,Groz'Yeux,Normal,Statut,0,6,Empty,Combat,,,,Empty,Combat,,,,Machoc-RFVF.png,1.0,1.0,1.0,1.0,1.0,2.0,1.0,1.0,0.5,1.0,1.0,1.0,2.0,0.5,1.0,1.0,0.5,2.0
067,#067,Combat Combat,Machopeur,Combat,Combat,40,11,10,7,5,6,1,Balayage,Combat,Physique,0,6,Groz'Yeux,Normal,Statut,0,6,Empty,Combat,,,,Empty,Combat,,,,Machopeur-RFVF.png,1.0,1.0,1.0,1.0,1.0,2.0,1.0,1.0,0.5,1.0,1.0,1.0,2.0,0.5,1.0,1.0,0.5,2.0
068,#068,Combat Combat,Mackogneur,Combat,Combat,45,13,13,8,6,8,0,Force,Normal,Physique,8,6,Garde Large,Roche,Statut,0,0,Empty,Combat,,,,Empty,Combat,,,,Mackogneur-RFVF.png,1.0,1.0,1.0,1.0,1.0,2.0,1.0,1.0,0.5,1.0,1.0,1.0,2.0,0.5,1.0,1.0,0.5,2.0
069,#069,Plante Poison,Chétiflor,Plante,Poison,25,10,7,3,7,3,5,Fouet Lianes,Plante,Physique,4,6,Croissance,Normal,Statut,0,0,Empty,Plante,,,,Empty,Poison,,,,Chétiflor-RFVF.png,1.0,0.5,1.0,0.5,0.5,0.5,2.0,2.0,1.0,1.0,0.25,1.0,2.0,1.0,1.0,1.0,1.0,2.0
070,#070,Plante Poison,Boustiflor,Plante,Poison,32,13,9,5,8,4,2,Fouet Lianes,Plante,Physique,4,6,Croissance,Normal,Statut,0,0,Empty,Plante,,,,Empty,Poison,,,,Boustiflor-RFVF.png,1.0,0.5,1.0,0.5,0.5,0.5,2.0,2.0,1.0,1.0,0.25,1.0,2.0,1.0,1.0,1.0,1.0,2.0
071,#071,Plante Poison,Empiflor,Plante,Poison,40,17,10,6,10,7,0,Phytomixeur,Plante,Special,6,0,Stockage,Normal,Statut,0,0,Empty,Plante,,,,Empty,Poison,,,,Empiflor-RFVF.png,1.0,0.5,1.0,0.5,0.5,0.5,2.0,2.0,1.0,1.0,0.25,1.0,2.0,1.0,1.0,1.0,1.0,2.0
072,#072,Eau Poison,Tentacool,Eau,Poison,20,17,4,3,5,10,3,Dard-Venin,Poison,Physique,1,6,Ultrason,Normal,Statut,0,0,Empty,Eau,,,,Empty,Poison,,,,Tentacool-RFVF.png,0.5,0.5,1.0,0.5,2.0,0.5,0.5,0.5,0.5,1.0,1.0,0.5,2.0,1.0,2.0,1.0,1.0,1.0
073,#073,Eau Poison,Tentacruel,Eau,Poison,40,25,7,6,8,12,1,Copie Type,Normal,Statut,0,0,Dard-Venin,Poison,Physique,1,6,Empty,Eau,,,,Empty,Poison,,,,Tentacruel-RFVF.png,0.5,0.5,1.0,0.5,2.0,0.5,0.5,0.5,0.5,1.0,1.0,0.5,2.0,1.0,2.0,1.0,1.0,1.0
074,#074,Roche Sol,Racaillou,Roche,Sol,20,5,8,10,3,3,5,Charge,Normal,Physique,4,6,Boul'Armure,Normal,Statut,0,0,Empty,Roche,,,,Empty,Sol,,,,Racaillou-RFVF.png,2.0,2.0,1.0,4.0,0.0,1.0,0.5,2.0,1.0,0.5,4.0,0.25,1.0,0.5,2.0,1.0,1.0,0.5
075,#075,Roche Sol,Gravalanch,Roche,Sol,27,8,9,11,4,4,2,Charge,Normal,Physique,4,6,Boul'Armure,Normal,Statut,0,0,Empty,Roche,,,,Empty,Sol,,,,Gravalanch-RFVF.png,2.0,2.0,1.0,4.0,0.0,1.0,0.5,2.0,1.0,0.5,4.0,0.25,1.0,0.5,2.0,1.0,1.0,0.5
076,#076,Roche Sol,Grolem,Roche,Sol,40,11,12,13,5,6,0,Tacle Lourd,Acier,Physique,0,6,Charge,Normal,Physique,4,6,Empty,Roche,,,,Empty,Sol,,,,Grolem-RFVF.png,2.0,2.0,1.0,4.0,0.0,1.0,0.5,2.0,1.0,0.5,4.0,0.25,1.0,0.5,2.0,1.0,1.0,0.5
077,#077,Feu Feu,Ponyta,Feu,Feu,25,22,8,5,6,6,3,Rugissement,Normal,Statut,0,6,Charge,Normal,Physique,4,6,Empty,Feu,,,,Empty,Feu,,,,Ponyta-RFVF.png,0.5,1.0,1.0,2.0,1.0,0.5,0.5,0.5,0.5,1.0,0.5,1.0,1.0,2.0,2.0,1.0,1.0,1.0
078,#078,Feu Feu,Galopa,Feu,Feu,32,26,10,7,8,8,1,Furie,Normal,Physique,1,0,Direct Toxik,Poison,Physique,8,6,Empty,Feu,,,,Empty,Feu,,,,Galopa-RFVF.png,0.5,1.0,1.0,2.0,1.0,0.5,0.5,0.5,0.5,1.0,0.5,1.0,1.0,2.0,2.0,1.0,1.0,1.0
079,#079,Eau Psy,Ramoloss,Eau,Psy,45,3,6,6,4,4,3,Malediction,Spectre,Statut,0,0,Baillement,Normal,Statut,0,0,Empty,Eau,,,,Empty,Psy,,,,Ramoloss-RFVF.png,0.5,0.5,1.0,0.5,2.0,1.0,0.5,0.5,2.0,1.0,2.0,1.0,0.5,1.0,1.0,2.0,2.0,1.0
080,#080,Eau Psy,Flagadoss,Eau,Psy,47,7,7,11,10,8,1,Repli,Eau,Statut,0,0,Vibra Soin,Psy,Statut,0,0,Empty,Eau,,,,Empty,Psy,,,,Flagadoss-RFVF.png,0.5,0.5,1.0,0.5,2.0,1.0,0.5,0.5,2.0,1.0,2.0,1.0,0.5,1.0,1.0,2.0,2.0,1.0
081,#081,Acier Electrik,Magnéti,Acier,Electrik,12,11,3,7,9,5,3,Charge,Normal,Physique,4,6,Ultrason,Normal,Statut,0,0,Empty,Acier,,,,Empty,Electrik,,,,Magnéti-RFVF.png,0.25,2.0,0.5,1.0,0.5,0.5,2.0,0.5,0.5,0.5,0.5,0.0,0.5,0.5,4.0,1.0,1.0,0.25
082,#082,Acier Electrik,Magnéton,Acier,Electrik,25,17,6,9,12,7,1,Triplattaque,Normal,Special,8,6,Elecanon,Electrik,Special,12,0,Empty,Acier,,,,Empty,Electrik,,,,Magnéton-RFVF.png,0.25,2.0,0.5,1.0,0.5,0.5,2.0,0.5,0.5,0.5,0.5,0.0,0.5,0.5,4.0,1.0,1.0,0.25
083,#083,Normal Vol,Canarticho,Normal,Vol,26,15,9,5,5,6,0,Mimique,Vol,Statut,0,0,Rapace,Vol,Physique,12,6,Empty,Normal,,,,Empty,Vol,,,,Canarticho-RFVF.png,1.0,1.0,1.0,1.0,2.0,1.0,1.0,2.0,0.5,1.0,0.5,1.0,1.0,2.0,0.0,0.0,1.0,1.0
084,#084,Normal Vol,Doduo,Normal,Vol,17,18,8,4,3,3,3,Picpic,Vol,Physique,3,6,Rugissement,Normal,Statut,0,6,Empty,Normal,,,,Empty,Vol,,,,Doduo-RFVF.png,1.0,1.0,1.0,1.0,2.0,1.0,1.0,2.0,0.5,1.0,0.5,1.0,1.0,2.0,0.0,0.0,1.0,1.0
085,#085,Normal Vol,Dodrio,Normal,Vol,30,27,11,7,6,6,0,Mimique,Vol,Statut,0,0,Ultrason,Normal,Statut,0,0,Empty,Normal,,,,Empty,Vol,,,,Dodrio-RFVF.png,1.0,1.0,1.0,1.0,2.0,1.0,1.0,2.0,0.5,1.0,0.5,1.0,1.0,2.0,0.0,0.0,1.0,1.0
086,#086,Eau Eau,Otaria,Eau,Eau,32,11,4,5,4,7,3,Coup d'Boule,Normal,Physique,7,6,Rugissement,Normal,Statut,0,6,Empty,Eau,,,,Empty,Eau,,,,Otaria-RFVF.png,0.5,1.0,1.0,0.5,2.0,1.0,0.5,0.5,1.0,1.0,2.0,1.0,1.0,1.0,1.0,1.0,1.0,1.0
087,#087,Eau Glace,Lamantine,Eau,Glace,45,17,7,8,7,9,1,Glaciation,Glace,Special,0,0,Empal'Korne,Normal,Physique,0,0,Empty,Eau,,,,Empty,Glace,,,,Lamantine-RFVF.png,1.0,2.0,1.0,0.5,2.0,1.0,1.0,0.25,1.0,1.0,2.0,1.0,1.0,2.0,1.0,1.0,1.0,1.0
088,#088,Poison Poison,Tadmorv,Poison,Poison,40,6,8,5,4,5,3,Ecras'Face,Normal,Physique,4,6,Gaz Toxik,Poison,Statut,0,0,Empty,Poison,,,,Empty,Poison,,,,Tadmorv-RFVF.png,1.0,0.5,1.0,1.0,1.0,0.5,1.0,1.0,0.5,1.0,0.5,0.5,2.0,1.0,2.0,1.0,1.0,1.0
089,#089,Poison Poison,Grotadmorv,Poison,Poison,52,12,10,7,6,10,1,Buee Noire,Glace,Statut,0,0,Pouvoir Lunaire,Fee,Special,9,6,Empty,Poison,,,,Empty,Poison,,,,Grotadmorv-RFVF.png,1.0,0.5,1.0,1.0,1.0,0.5,1.0,1.0,0.5,1.0,0.5,0.5,2.0,1.0,2.0,1.0,1.0,1.0
090,#090,Eau Eau,Kokiyas,Eau,Eau,15,10,6,10,4,2,3,Charge,Normal,Physique,4,6,Pistolet a O,Eau,Special,4,6,Empty,Eau,,,,Empty,Eau,,,,Kokiyas-RFVF.png,0.5,1.0,1.0,0.5,2.0,1.0,0.5,0.5,1.0,1.0,2.0,1.0,1.0,1.0,1.0,1.0,1.0,1.0
091,#091,Eau Glace,Crustabri,Eau,Glace,25,17,9,18,8,4,1,Hydrocanon,Eau,Special,11,0,Exuviation,Normal,Statut,0,0,Empty,Eau,,,,Empty,Glace,,,,Crustabri-RFVF.png,1.0,2.0,1.0,0.5,2.0,1.0,1.0,0.25,1.0,1.0,2.0,1.0,1.0,2.0,1.0,1.0,1.0,1.0
092,#092,Poison Spectre,Fantominus,Poison,Spectre,15,20,3,3,10,3,3,Hypnose,Psy,Statut,0,0,Lechouille,Spectre,Physique,3,6,Empty,Poison,,,,Empty,Spectre,,,,Fantominus-RFVF.png,1.0,0.0,1.0,1.0,1.0,0.5,1.0,1.0,0.25,0.0,0.5,0.25,2.0,1.0,2.0,2.0,2.0,1.0
093,#093,Poison Spectre,Spectrum,Poison,Spectre,22,23,5,4,11,5,1,Poing Ombre,Spectre,Physique,6,0,Hypnose,Psy,Statut,0,0,Empty,Poison,,,,Empty,Spectre,,,,Spectrum-RFVF.png,1.0,0.0,1.0,1.0,1.0,0.5,1.0,1.0,0.25,0.0,0.5,0.25,2.0,1.0,2.0,2.0,2.0,1.0
094,#094,Poison Spectre,Ectoplasma,Poison,Spectre,30,27,6,6,13,7,0,Entrave,Normal,Statut,0,6,Buee Noire,Glace,Statut,0,0,Empty,Poison,,,,Empty,Spectre,,,,Ectoplasma-RFVF.png,1.0,0.0,1.0,1.0,1.0,0.5,1.0,1.0,0.25,0.0,0.5,0.25,2.0,1.0,2.0,2.0,2.0,1.0
095,#095,Roche Sol,Onix,Roche,Sol,17,17,4,16,3,4,0,Lance-Boue,Sol,Statut,0,0,Charge,Normal,Physique,4,6,Empty,Roche,,,,Empty,Sol,,,,Onix-RFVF.png,2.0,2.0,1.0,4.0,0.0,1.0,0.5,2.0,1.0,0.5,4.0,0.25,1.0,0.5,2.0,1.0,1.0,0.5
096,#096,Psy Psy,Soporifik,Psy,Psy,30,10,4,4,4,9,3,Ecras'Face,Normal,Physique,4,6,Hypnose,Psy,Statut,0,0,Empty,Psy,,,,Empty,Psy,,,,Soporifik-RFVF.png,1.0,0.5,1.0,1.0,1.0,1.0,1.0,1.0,2.0,1.0,1.0,1.0,0.5,1.0,1.0,2.0,2.0,1.0
097,#097,Psy Psy,Hypnomade,Psy,Psy,42,16,7,7,7,11,1,Bouclier,Psy,Statut,0,6,Prescience,Psy,Special,12,6,Empty,Psy,,,,Empty,Psy,,,,Hypnomade-RFVF.png,1.0,0.5,1.0,1.0,1.0,1.0,1.0,1.0,2.0,1.0,1.0,1.0,0.5,1.0,1.0,2.0,2.0,1.0
098,#098,Eau Eau,Krabby,Eau,Eau,15,12,10,9,2,2,4,Lance-Boue,Sol,Statut,0,0,Ecume,Eau,Special,4,6,Empty,Eau,,,,Empty,Eau,,,,Krabby-RFVF.png,0.5,1.0,1.0,0.5,2.0,1.0,0.5,0.5,1.0,1.0,2.0,1.0,1.0,1.0,1.0,1.0,1.0,1.0
099,#099,Eau Eau,Krabboss,Eau,Eau,27,18,13,11,5,5,1,Garde Large,Roche,Statut,0,0,Lance-Boue,Sol,Statut,0,0,Empty,Eau,,,,Empty,Eau,,,,Krabboss-RFVF.png,0.5,1.0,1.0,0.5,2.0,1.0,0.5,0.5,1.0,1.0,2.0,1.0,1.0,1.0,1.0,1.0,1.0,1.0
100,#100,Electrik Electrik,Voltorbe,Electrik,Electrik,20,25,3,5,5,5,3,Chargeur,Electrik,Statut,0,0,Charge,Normal,Physique,4,6,Empty,Electrik,,,,Empty,Electrik,,,,Voltorbe-RFVF.png,0.5,1.0,1.0,1.0,0.5,1.0,1.0,1.0,1.0,1.0,1.0,1.0,1.0,1.0,2.0,1.0,1.0,0.5
101,#101,Electrik Electrik,Électrode,Electrik,Electrik,30,37,5,7,8,8,1,Magne-Controle,Electrik,Statut,0,0,Chargeur,Electrik,Statut,0,0,Empty,Electrik,,,,Empty,Electrik,,,,Électrode-RFVF.png,0.5,1.0,1.0,1.0,0.5,1.0,1.0,1.0,1.0,1.0,1.0,1.0,1.0,1.0,2.0,1.0,1.0,0.5
102,#102,Plante Psy,Noeunoeuf,Plante,Psy,30,10,4,8,6,4,1,Pilonnage,Normal,Physique,1,0,Brouhaha,Normal,Special,9,6,Empty,Plante,,,,Empty,Psy,,,,Noeunoeuf-RFVF.png,1.0,0.5,1.0,0.5,0.5,1.0,2.0,2.0,4.0,1.0,0.5,2.0,0.5,1.0,0.5,2.0,2.0,2.0
103,#103,Plante Psy,Noadkoko,Plante,Psy,47,13,9,8,12,7,0,Ecrasement,Normal,Physique,6,6,Canon Graine,Plante,Physique,8,6,Empty,Plante,,,,Empty,Psy,,,,Noadkoko-RFVF.png,1.0,0.5,1.0,0.5,0.5,1.0,2.0,2.0,4.0,1.0,0.5,2.0,0.5,1.0,0.5,2.0,2.0,2.0
104,#104,Sol Sol,Osselait,Sol,Sol,25,8,5,9,4,5,3,Rugissement,Normal,Statut,0,6,Mimi-Queue,Normal,Statut,0,6,Empty,Sol,,,,Empty,Sol,,,,Osselait-RFVF.png,1.0,1.0,1.0,2.0,0.0,1.0,1.0,2.0,1.0,1.0,2.0,0.5,1.0,0.5,1.0,1.0,1.0,1.0
105,#105,Sol Sol,Ossatueur,Sol,Sol,30,11,8,11,5,8,1,Rugissement,Normal,Statut,0,6,Mimi-Queue,Normal,Statut,0,6,Empty,Sol,,,,Empty,Sol,,,,Ossatueur-RFVF.png,1.0,1.0,1.0,2.0,0.0,1.0,1.0,2.0,1.0,1.0,2.0,0.5,1.0,0.5,1.0,1.0,1.0,1.0
106,#106,Combat Combat,Kicklee,Combat,Combat,25,21,12,5,3,11,0,Double Pied,Combat,Physique,3,6,Contre,Combat,Physique,0,6,Empty,Combat,,,,Empty,Combat,,,,Kicklee-RFVF.png,1.0,1.0,1.0,1.0,1.0,2.0,1.0,1.0,0.5,1.0,1.0,1.0,2.0,0.5,1.0,1.0,0.5,2.0
107,#107,Combat Combat,Tygnon,Combat,Combat,25,19,10,7,3,11,0,Poing Comete,Normal,Physique,1,0,Close Combat,Combat,Physique,12,6,Empty,Combat,,,,Empty,Combat,,,,Tygnon-RFVF.png,1.0,1.0,1.0,1.0,1.0,2.0,1.0,1.0,0.5,1.0,1.0,1.0,2.0,0.5,1.0,1.0,0.5,2.0
108,#108,Normal Normal,Excelangue,Normal,Normal,45,7,5,7,6,7,0,Lechouille,Spectre,Physique,3,6,Ultrason,Normal,Statut,0,0,Empty,Normal,,,,Empty,Normal,,,,Excelangue-RFVF.png,1.0,2.0,1.0,1.0,1.0,1.0,1.0,1.0,1.0,1.0,1.0,1.0,1.0,1.0,1.0,0.0,1.0,1.0
109,#109,Poison Poison,Smogo,Poison,Poison,20,8,6,9,6,4,3,Gaz Toxik,Poison,Statut,0,0,Charge,Normal,Physique,4,6,Empty,Poison,,,,Empty,Poison,,,,Smogo-RFVF.png,1.0,0.5,1.0,1.0,1.0,0.5,1.0,1.0,0.5,1.0,0.5,0.5,2.0,1.0,2.0,1.0,1.0,1.0
110,#110,Poison Poison,Smogogo,Poison,Poison,32,15,9,12,8,7,1,Coup Double,Normal,Physique,3,0,Brouillard,Normal,Statut,0,6,Empty,Poison,,,,Empty,Poison,,,,Smogogo-RFVF.png,1.0,0.5,1.0,1.0,1.0,0.5,1.0,1.0,0.5,1.0,0.5,0.5,2.0,1.0,2.0,1.0,1.0,1.0
111,#111,Roche Sol,Rhinocorne,Roche,Sol,40,6,8,9,3,3,2,Koud'Korne,Normal,Physique,6,6,Mimi-Queue,Normal,Statut,0,6,Empty,Roche,,,,Empty,Sol,,,,Rhinocorne-RFVF.png,2.0,2.0,1.0,4.0,0.0,1.0,0.5,2.0,1.0,0.5,4.0,0.25,1.0,0.5,2.0,1.0,1.0,0.5
112,#112,Roche Sol,Rhinoféros,Roche,Sol,52,10,13,12,4,4,1,Marto-Poing,Combat,Physique,10,0,Empal'Korne,Normal,Physique,0,0,Empty,Roche,,,,Empty,Sol,,,,Rhinoféros-RFVF.png,2.0,2.0,1.0,4.0,0.0,1.0,0.5,2.0,1.0,0.5,4.0,0.25,1.0,0.5,2.0,1.0,1.0,0.5
113,#113,Normal Normal,Leveinard,Normal,Normal,125,12,0,0,3,10,0,Boul'Armure,Normal,Statut,0,0,Ecras'Face,Normal,Physique,4,6,Empty,Normal,,,,Empty,Normal,,,,Leveinard-RFVF.png,1.0,2.0,1.0,1.0,1.0,1.0,1.0,1.0,1.0,1.0,1.0,1.0,1.0,1.0,1.0,0.0,1.0,1.0
114,#114,Plante Plante,Saquedeneu,Plante,Plante,32,15,5,11,10,4,0,Vol-Vie,Plante,Special,2,6,Racines,Plante,Statut,0,0,Empty,Plante,,,,Empty,Plante,,,,Saquedeneu-RFVF.png,1.0,1.0,1.0,0.5,0.5,1.0,2.0,2.0,2.0,1.0,0.5,2.0,1.0,1.0,0.5,1.0,1.0,2.0
115,#115,Normal Normal,Kangourex,Normal,Normal,52,22,9,8,4,8,0,Poing Comete,Normal,Physique,1,0,Groz'Yeux,Normal,Statut,0,6,Empty,Normal,,,,Empty,Normal,,,,Kangourex-RFVF.png,1.0,2.0,1.0,1.0,1.0,1.0,1.0,1.0,1.0,1.0,1.0,1.0,1.0,1.0,1.0,0.0,1.0,1.0
116,#116,Eau Eau,Hypotrempe,Eau,Eau,15,15,4,7,7,2,4,Ecume,Eau,Special,4,6,Brouillard,Normal,Statut,0,6,Empty,Eau,,,,Empty,Eau,,,,Hypotrempe-RFVF.png,0.5,1.0,1.0,0.5,2.0,1.0,0.5,0.5,1.0,1.0,2.0,1.0,1.0,1.0,1.0,1.0,1.0,1.0
117,#117,Eau Eau,Hypocéan,Eau,Eau,27,21,6,9,9,4,1,Hydrocanon,Eau,Special,11,0,Ecume,Eau,Special,4,6,Empty,Eau,,,,Empty,Eau,,,,Hypocéan-RFVF.png,0.5,1.0,1.0,0.5,2.0,1.0,0.5,0.5,1.0,1.0,2.0,1.0,1.0,1.0,1.0,1.0,1.0,1.0
118,#118,Eau Eau,Poissirène,Eau,Eau,22,15,6,6,3,5,4,Picpic,Vol,Physique,3,6,Mimi-Queue,Normal,Statut,0,6,Empty,Eau,,,,Empty,Eau,,,,Poissirène-RFVF.png,0.5,1.0,1.0,0.5,2.0,1.0,0.5,0.5,1.0,1.0,2.0,1.0,1.0,1.0,1.0,1.0,1.0,1.0
119,#119,Eau Eau,Poissoroy,Eau,Eau,40,17,9,6,6,8,1,Picpic,Vol,Physique,3,6,Mimi-Queue,Normal,Statut,0,6,Empty,Eau,,,,Empty,Eau,,,,Poissoroy-RFVF.png,0.5,1.0,1.0,0.5,2.0,1.0,0.5,0.5,1.0,1.0,2.0,1.0,1.0,1.0,1.0,1.0,1.0,1.0
120,#120,Eau Eau,Stari,Eau,Eau,15,21,4,5,7,5,4,Charge,Normal,Physique,4,6,Armure,Normal,Statut,0,0,Empty,Eau,,,,Empty,Eau,,,,Stari-RFVF.png,0.5,1.0,1.0,0.5,2.0,1.0,0.5,0.5,1.0,1.0,2.0,1.0,1.0,1.0,1.0,1.0,1.0,1.0
121,#121,Eau Psy,Staross,Eau,Psy,30,28,7,8,10,8,1,Hydrocanon,Eau,Special,11,0,Projecteur,Normal,Statut,0,0,Empty,Eau,,,,Empty,Psy,,,,Staross-RFVF.png,0.5,0.5,1.0,0.5,2.0,1.0,0.5,0.5,2.0,1.0,2.0,1.0,0.5,1.0,1.0,2.0,2.0,1.0
122,#122,Fee Psy,M._Mime,Fee,Psy,20,22,4,6,10,12,0,Champ Brumeux,Fee,Statut,0,0,Feuille Magik,Plante,Special,6,0,Empty,Fee,,,,Empty,Psy,,,,M._Mime-RFVF.png,2.0,0.25,0.0,1.0,1.0,1.0,1.0,1.0,1.0,1.0,1.0,2.0,0.5,1.0,1.0,2.0,1.0,1.0
123,#123,Insecte Vol,Insécateur,Insecte,Vol,35,26,11,8,5,8,0,Onde Vide,Combat,Special,4,6,Vive-Attaque,Normal,Physique,4,6,Empty,Insecte,,,,Empty,Vol,,,,Insécateur-RFVF.png,1.0,0.25,1.0,1.0,2.0,1.0,2.0,2.0,0.5,1.0,0.25,1.0,1.0,4.0,0.0,1.0,1.0,2.0
124,#124,Glace Psy,Lippoutou,Glace,Psy,32,23,5,3,11,9,0,Ecras'Face,Normal,Physique,4,6,Vampibaiser,Fee,Special,5,6,Empty,Glace,,,,Empty,Psy,,,,Lippoutou-RFVF.png,2.0,1.0,1.0,1.0,1.0,1.0,2.0,0.5,2.0,1.0,1.0,1.0,0.5,2.0,1.0,2.0,2.0,1.0
125,#125,Electrik Electrik,Élektek,Electrik,Electrik,32,26,8,5,9,8,0,Vive-Attaque,Normal,Physique,4,6,Groz'Yeux,Normal,Statut,0,6,Empty,Electrik,,,,Empty,Electrik,,,,Élektek-RFVF.png,0.5,1.0,1.0,1.0,0.5,1.0,1.0,1.0,1.0,1.0,1.0,1.0,1.0,1.0,2.0,1.0,1.0,0.5
126,#126,Feu Feu,Magmar,Feu,Feu,32,23,9,5,10,8,0,Puredpois,Poison,Special,3,0,Groz'Yeux,Normal,Statut,0,6,Empty,Feu,,,,Empty,Feu,,,,Magmar-RFVF.png,0.5,1.0,1.0,2.0,1.0,0.5,0.5,0.5,0.5,1.0,0.5,1.0,1.0,2.0,2.0,1.0,1.0,1.0
127,#127,Insecte Insecte,Scarabrute,Insecte,Insecte,32,21,12,10,5,7,0,Force Poigne,Normal,Physique,5,6,Puissance,Normal,Statut,0,0,Empty,Insecte,,,,Empty,Insecte,,,,Scarabrute-RFVF.png,1.0,0.5,1.0,1.0,1.0,1.0,2.0,1.0,1.0,1.0,0.5,1.0,1.0,2.0,0.5,1.0,1.0,2.0
128,#128,Normal Normal,Tauros,Normal,Normal,37,27,10,9,4,7,0,Charge,Normal,Physique,4,6,Mimi-Queue,Normal,Statut,0,6,Empty,Normal,,,,Empty,Normal,,,,Tauros-RFVF.png,1.0,2.0,1.0,1.0,1.0,1.0,1.0,1.0,1.0,1.0,1.0,1.0,1.0,1.0,1.0,0.0,1.0,1.0
129,#129,Eau Eau,Magicarpe,Eau,Eau,10,20,1,5,1,2,5,Trempette,Normal,Statut,0,0,Charge,Normal,Physique,4,6,Empty,Eau,,,,Empty,Eau,,,,Magicarpe-RFVF.png,0.5,1.0,1.0,0.5,2.0,1.0,0.5,0.5,1.0,1.0,2.0,1.0,1.0,1.0,1.0,1.0,1.0,1.0
130,#130,Eau Vol,Léviator,Eau,Vol,47,20,12,7,6,10,0,Morsure,Tenebres,Physique,6,6,Mania,Normal,Physique,12,6,Empty,Eau,,,,Empty,Vol,,,,Léviator-RFVF.png,0.5,0.5,1.0,0.5,4.0,1.0,0.5,1.0,0.5,1.0,1.0,1.0,1.0,2.0,0.0,1.0,1.0,1.0
131,#131,Eau Glace,Lokhlass,Eau,Glace,65,15,8,8,8,9,0,Berceuse,Normal,Statut,0,0,Rugissement,Normal,Statut,0,6,Empty,Eau,,,,Empty,Glace,,,,Lokhlass-RFVF.png,1.0,2.0,1.0,0.5,2.0,1.0,1.0,0.25,1.0,1.0,2.0,1.0,1.0,2.0,1.0,1.0,1.0,1.0
132,#132,Normal Normal,Métamorph,Normal,Normal,24,12,4,4,4,4,0,Morphing,Normal,Statut,0,0,Empty,Normal,,,,Empty,Normal,,,,Métamorph-RFVF.png,1.0,2.0,1.0,1.0,1.0,1.0,1.0,1.0,1.0,1.0,1.0,1.0,1.0,1.0,1.0,0.0,1.0,1.0
133,#133,Normal Normal,Évoli,Normal,Normal,27,13,5,5,4,6,0,Implore,Normal,Physique,6,6,Coup d'Main,Normal,Statut,0,0,Empty,Normal,,,,Empty,Normal,,,,Évoli-RFVF.png,1.0,2.0,1.0,1.0,1.0,1.0,1.0,1.0,1.0,1.0,1.0,1.0,1.0,1.0,1.0,0.0,1.0,1.0
134,#134,Eau Eau,Aquali,Eau,Eau,65,16,6,6,11,9,0,Pistolet a O,Eau,Special,4,6,Coup d'Main,Normal,Statut,0,0,Empty,Eau,,,,Empty,Eau,,,,Aquali-RFVF.png,0.5,1.0,1.0,0.5,2.0,1.0,0.5,0.5,1.0,1.0,2.0,1.0,1.0,1.0,1.0,1.0,1.0,1.0
135,#135,Electrik Electrik,Voltali,Electrik,Electrik,32,32,6,6,11,9,0,Eclair,Electrik,Special,4,6,Coup d'Main,Normal,Statut,0,0,Empty,Electrik,,,,Empty,Electrik,,,,Voltali-RFVF.png,0.5,1.0,1.0,1.0,0.5,1.0,1.0,1.0,1.0,1.0,1.0,1.0,1.0,1.0,2.0,1.0,1.0,0.5
136,#136,Feu Feu,Pyroli,Feu,Feu,32,16,13,6,9,11,0,Flammeche,Feu,Special,4,6,Coup d'Main,Normal,Statut,0,0,Empty,Feu,,,,Empty,Feu,,,,Pyroli-RFVF.png,0.5,1.0,1.0,2.0,1.0,0.5,0.5,0.5,0.5,1.0,0.5,1.0,1.0,2.0,2.0,1.0,1.0,1.0
137,#137,Normal Normal,Porygon,Normal,Normal,32,10,6,7,8,7,0,Conversion 2,Normal,Statut,0,0,Charge,Normal,Physique,4,6,Empty,Normal,,,,Empty,Normal,,,,Porygon-RFVF.png,1.0,2.0,1.0,1.0,1.0,1.0,1.0,1.0,1.0,1.0,1.0,1.0,1.0,1.0,1.0,0.0,1.0,1.0
138,#138,Eau Roche,Amonita,Eau,Roche,17,8,4,10,9,5,0,Constriction,Normal,Physique,1,6,Repli,Eau,Statut,0,0,Empty,Eau,,,,Empty,Roche,,,,Amonita-RFVF.png,1.0,2.0,1.0,1.0,2.0,1.0,0.25,0.5,1.0,0.5,4.0,0.5,1.0,1.0,2.0,1.0,1.0,0.5
139,#139,Eau Roche,Amonistar,Eau,Roche,35,13,6,12,11,7,0,Picanon,Normal,Physique,2,6,Hydrocanon,Eau,Special,11,0,Empty,Eau,,,,Empty,Roche,,,,Amonistar-RFVF.png,1.0,2.0,1.0,1.0,2.0,1.0,0.25,0.5,1.0,0.5,4.0,0.5,1.0,1.0,2.0,1.0,1.0,0.5
140,#140,Eau Roche,Kabuto,Eau,Roche,15,13,8,9,5,4,0,Griffe,Normal,Physique,4,6,Armure,Normal,Statut,0,0,Empty,Eau,,,,Empty,Roche,,,,Kabuto-RFVF.png,1.0,2.0,1.0,1.0,2.0,1.0,0.25,0.5,1.0,0.5,4.0,0.5,1.0,1.0,2.0,1.0,1.0,0.5
141,#141,Eau Roche,Kabutops,Eau,Roche,30,20,11,10,6,7,0,Tranche,Normal,Physique,7,6,Tranche-Nuit,Tenebres,Physique,7,6,Empty,Eau,,,,Empty,Roche,,,,Kabutops-RFVF.png,1.0,2.0,1.0,1.0,2.0,1.0,0.25,0.5,1.0,0.5,4.0,0.5,1.0,1.0,2.0,1.0,1.0,0.5
142,#142,Roche Vol,Ptéra,Roche,Vol,40,32,10,6,6,7,0,Tete de Fer,Acier,Physique,8,6,Crocs Givre,Glace,Physique,6,0,Empty,Roche,,,,Empty,Vol,,,,Ptéra-RFVF.png,2.0,1.0,1.0,2.0,2.0,1.0,0.5,2.0,0.5,0.5,1.0,0.5,1.0,2.0,0.0,1.0,1.0,0.5
143,#143,Normal Normal,Ronflex,Normal,Normal,80,7,11,6,6,11,0,Charge,Normal,Physique,4,6,Boul'Armure,Normal,Statut,0,0,Empty,Normal,,,,Empty,Normal,,,,Ronflex-RFVF.png,1.0,2.0,1.0,1.0,1.0,1.0,1.0,1.0,1.0,1.0,1.0,1.0,1.0,1.0,1.0,0.0,1.0,1.0
144,#144,Glace Vol,Artikodin,Glace,Vol,45,21,8,10,9,12,0,Tornade,Vol,Special,4,6,Poudreuse,Glace,Special,4,6,Empty,Glace,,,,Empty,Vol,,,,Artikodin-RFVF.png,2.0,1.0,1.0,1.0,2.0,1.0,2.0,1.0,0.5,1.0,0.5,1.0,1.0,4.0,0.0,1.0,1.0,1.0
145,#145,Electrik Vol,Électhor,Electrik,Vol,45,25,9,8,12,9,0,Picpic,Vol,Physique,3,6,Eclair,Electrik,Special,4,6,Empty,Electrik,,,,Empty,Vol,,,,Électhor-RFVF.png,0.5,0.5,1.0,1.0,1.0,1.0,1.0,2.0,0.5,1.0,0.5,1.0,1.0,2.0,0.0,1.0,1.0,0.5
146,#146,Feu Vol,Sulfura,Feu,Vol,45,22,10,9,12,8,0,Cru-Aile,Vol,Physique,6,6,Flammeche,Feu,Special,4,6,Empty,Feu,,,,Empty,Vol,,,,Sulfura-RFVF.png,0.5,0.5,1.0,2.0,2.0,0.5,0.5,1.0,0.25,1.0,0.25,1.0,1.0,4.0,0.0,1.0,1.0,1.0
147,#147,Dragon Dragon,Minidraco,Dragon,Dragon,20,12,6,4,5,5,0,Ligotage,Normal,Physique,1,0,Groz'Yeux,Normal,Statut,0,6,Empty,Dragon,,,,Empty,Dragon,,,,Minidraco-RFVF.png,1.0,1.0,2.0,0.5,0.5,2.0,0.5,2.0,1.0,1.0,0.5,1.0,1.0,1.0,1.0,1.0,1.0,1.0
148,#148,Dragon Dragon,Draco,Dragon,Dragon,30,17,8,6,7,7,0,Ligotage,Normal,Physique,1,0,Groz'Yeux,Normal,Statut,0,6,Empty,Dragon,,,,Empty,Dragon,,,,Draco-RFVF.png,1.0,1.0,2.0,0.5,0.5,2.0,0.5,2.0,1.0,1.0,0.5,1.0,1.0,1.0,1.0,1.0,1.0,1.0
149,#149,Dragon Vol,Dracolosse,Dragon,Vol,45,20,13,9,10,10,0,Cru-Aile,Vol,Physique,6,6,Vent Violent,Vol,Special,11,0,Empty,Dragon,,,,Empty,Vol,,,,Dracolosse-RFVF.png,1.0,0.5,2.0,0.5,1.0,2.0,0.5,4.0,0.5,1.0,0.25,1.0,1.0,2.0,0.0,1.0,1.0,1.0
150,#150,Psy Psy,Mewtwo,Psy,Psy,53,32,11,9,15,9,0,Affilage,Normal,Statut,0,0,Vague Psy,Psy,Special,0,6,Empty,Psy,,,,Empty,Psy,,,,Mewtwo-RFVF.png,1.0,0.5,1.0,1.0,1.0,1.0,1.0,1.0,2.0,1.0,1.0,1.0,0.5,1.0,1.0,2.0,2.0,1.0
151,#151,Psy Psy,Mew,Psy,Psy,50,25,10,10,10,10,0,Ecras'Face,Normal,Physique,4,6,Copie Type,Normal,Statut,0,0,Empty,Psy,,,,Empty,Psy,,,,Mew-RFVF.png,1.0,0.5,1.0,1.0,1.0,1.0,1.0,1.0,2.0,1.0,1.0,1.0,0.5,1.0,1.0,2.0,2.0,1.0
